query,mls_id,address,description,scorer_reason,scorer_requirements,judge_agrees,judge_reason
"quiet street, updated kitchen, home office space",3000263,58501 Redwood Pl,"No through traffic on this dead-end street. Original kitchen and bath present an opportunity to renovate and build equity. All bedrooms are used as bedrooms, no dedicated office space. Primary suite and secondary bedrooms are all located upstairs. Flat, private backyard suited to gardening or a play structure. Backyard includes a pool and spa, ideal for entertaining.","The dead-end street has no through traffic, but the kitchen is original and the listing says there is no dedicated office space.",Quiet street: MET | Updated kitchen: NOT MET | Home office space: NOT MET,True,"All three verdicts are accurate: dead-end street confirms quiet (true), original kitchen confirms not updated (false), and listing explicitly states no dedicated office space (false)."
"quiet street, updated kitchen, home office space",3000094,3862 Hamilton Dr,"Quiet residential street popular with longtime families. Recently renovated eat-in kitchen with new cabinetry. All bedrooms are used as bedrooms, no dedicated office space. Primary bedroom and bath are positioned on the main level for easy access. Small, easy-care yard requiring minimal upkeep. New roof installed within the last two years.","The home is on a quiet residential street and has a recently renovated kitchen with new cabinetry, but all bedrooms are used as bedrooms with no dedicated office space.",Quiet street: MET | Updated kitchen: MET | Home office space: NOT MET,True,"All three verdicts are accurate: quiet residential street (true), recently renovated kitchen with new cabinetry (true), and listing explicitly states no dedicated office space (false)."
"quiet street, updated kitchen, home office space",3000463,25142 Hamilton St,"Some road noise during commute hours from the nearby main street. Chef's kitchen with custom cabinetry and a farmhouse sink. A spare bedroom currently works well as a home office. Zero-step entry from the driveway to the front door, with wide hallways throughout. Small, easy-care yard requiring minimal upkeep.","The listing notes road noise during commute hours, while the chef's kitchen has custom cabinetry and a spare bedroom currently serves as a home office.",Quiet street: NOT MET | Updated kitchen: MET | Home office space: MET,True,"All three verdicts are accurate: listing explicitly mentions road noise during commute hours (false for quiet), chef's kitchen with custom cabinetry (true for updated), and spare bedroom currently works as home office (true)."
"quiet street, updated kitchen, home office space",3000328,79408 Charter Way #371,"Located on a quiet, tree-lined street with minimal through traffic. Original kitchen and bath present an opportunity to renovate and build equity. All bedrooms are used as bedrooms, no dedicated office space. Walk-in shower with a built-in bench in the primary bathroom. Fully fenced yard with a covered patio, great for outdoor dining.","The condo is on a quiet tree-lined street with minimal through traffic, but its kitchen is original and there is no dedicated office space.",Quiet street: MET | Updated kitchen: NOT MET | Home office space: NOT MET,True,"All three verdicts are accurate: quiet tree-lined street with minimal through traffic (true), original kitchen (false), and no dedicated office space (false)."
"quiet street, updated kitchen, home office space",3000449,78742 Marine Rd #366,"Located on a quiet, tree-lined street with minimal through traffic. Recently renovated eat-in kitchen with new cabinetry. All bedrooms are used as bedrooms, no dedicated office space. Walk-in shower with a built-in bench in the primary bathroom. Flat, private backyard suited to gardening or a play structure.","The condo is on a quiet tree-lined street with minimal through traffic and has a recently renovated kitchen with new cabinetry, but no dedicated office space is provided.",Quiet street: MET | Updated kitchen: MET | Home office space: NOT MET,True,"All three verdicts are accurate: quiet tree-lined street with minimal through traffic (true), recently renovated kitchen with new cabinetry (true), and no dedicated office space (false)."
"quiet street, updated kitchen, home office space",3000487,82254 Redwood Ln #189,"No through traffic on this dead-end street. Remodeled kitchen featuring a large island, ideal for entertaining. Flexible bonus room, ideal as a home office or den. Single-level layout with every bedroom on one floor, no interior stairs. Small, easy-care yard requiring minimal upkeep. Backyard includes a pool and spa, ideal for entertaining.","The dead-end street has no through traffic, the kitchen is remodeled with a large island, and the flexible bonus room is described as ideal for a home office or den.",Quiet street: MET | Updated kitchen: MET | Home office space: MET,True,"All three verdicts are accurate: dead-end street with no through traffic (true), remodeled kitchen with large island (true), and flexible bonus room described as ideal for home office (true)."
"quiet street, updated kitchen, home office space",3000079,84757 Stambaugh Ln,"Quiet residential street popular with longtime families. Updated kitchen with quartz counters and stainless appliances. Compact floor plan with no separate room suited to a home office. Zero-step entry from the driveway to the front door, with wide hallways throughout. Fully fenced yard with a covered patio, great for outdoor dining.","The home is on a quiet residential street and has an updated kitchen with quartz counters and stainless appliances, but the compact floor plan has no separate room for a home office.",Quiet street: MET | Updated kitchen: MET | Home office space: NOT MET,True,"All three verdicts are accurate: quiet residential street (true), updated kitchen with quartz counters and stainless appliances (true), and compact floor plan with no separate room for office (false)."
"quiet street, updated kitchen, home office space",3000276,18249 Hamilton Pl #145,"Quiet residential street popular with longtime families. Updated kitchen with quartz counters and stainless appliances. Dedicated home office with built-in shelving off the main living area. Primary bedroom and bath are positioned on the main level for easy access. Low-maintenance backyard with mature landscaping. Backyard includes a pool and spa, ideal for entertaining.","The condo is on a quiet residential street, has an updated kitchen with quartz counters and stainless appliances, and includes a dedicated home office with built-in shelving.",Quiet street: MET | Updated kitchen: MET | Home office space: MET,True,"All three verdicts are accurate: quiet residential street (true), updated kitchen with quartz counters and stainless appliances (true), and dedicated home office with built-in shelving (true)."
"quiet street, updated kitchen, home office space",3000176,14710 Cypress Ln,"Some road noise during commute hours from the nearby main street. Chef's kitchen with custom cabinetry and a farmhouse sink. A spare bedroom currently works well as a home office. Walk-in shower with a built-in bench in the primary bathroom. Flat, private backyard suited to gardening or a play structure. HOA covers landscaping and building maintenance, a low-maintenance option.","The listing notes road noise from a nearby main street, but describes a chef's kitchen with custom cabinetry and a spare bedroom that works well as a home office.",Quiet street: NOT MET | Updated kitchen: MET | Home office space: MET,True,"All three verdicts are accurate: quiet street marked false (listing explicitly states 'road noise during commute hours'), updated kitchen marked true (chef's kitchen with custom cabinetry), and home office space marked true (spare bedroom works as home office)."
"quiet street, updated kitchen, home office space",3000282,12771 Middlefield Rd,"Sits on a peaceful cul-de-sac away from busy roads. Original kitchen and bath present an opportunity to renovate and build equity. All bedrooms are used as bedrooms, no dedicated office space. Primary bedroom and bath are positioned on the main level for easy access. Small, easy-care yard requiring minimal upkeep. Backyard includes a pool and spa, ideal for entertaining.","The home is on a peaceful cul-de-sac away from busy roads, but its kitchen is original and all bedrooms are used as bedrooms with no dedicated office space.",Quiet street: MET | Updated kitchen: NOT MET | Home office space: NOT MET,True,"All three verdicts are accurate: quiet street marked true (peaceful cul-de-sac away from busy roads), updated kitchen marked false (original kitchen), and home office space marked false (all bedrooms used as bedrooms)."
"quiet street, updated kitchen, home office space",3000082,80538 Hudson Dr,Quiet residential street popular with longtime families. Original kitchen and bath present an opportunity to renovate and build equity. Compact floor plan with no separate room suited to a home office. Primary bedroom and bath are positioned on the main level for easy access. Low-maintenance backyard with mature landscaping.,"The listing describes a quiet residential street, but the kitchen is original and there is no separate room suited to a home office.",Quiet street: MET | Updated kitchen: NOT MET | Home office space: NOT MET,True,"All three verdicts are accurate: quiet street marked true (quiet residential street), updated kitchen marked false (original kitchen), and home office space marked false (compact floor plan with no separate room suited to home office)."
"quiet street, updated kitchen, home office space",3000382,20845 Elm St,"Sits near a commercial corridor with vehicle and bus traffic at most hours. Kitchen has not been updated in some time but is fully functional. Converted garage space functions as a quiet home office. Bedrooms are split across two levels, with stairs from the entry to the main living floor. Fully fenced yard with a covered patio, great for outdoor dining.","The home is near a commercial corridor with traffic at most hours and has an outdated kitchen, but its converted garage functions as a quiet home office.",Quiet street: NOT MET | Updated kitchen: NOT MET | Home office space: MET,True,"All three verdicts are accurate: quiet street marked false (near commercial corridor with vehicle and bus traffic), updated kitchen marked false (not updated in some time), and home office space marked true (converted garage functions as quiet home office)."
"quiet street, updated kitchen, home office space",3000292,49636 Buckingham St,"Located directly on a busy arterial road with steady traffic noise. Chef's kitchen with custom cabinetry and a farmhouse sink. All bedrooms are used as bedrooms, no dedicated office space. Bedrooms are split across two levels, with stairs from the entry to the main living floor. Flat, private backyard suited to gardening or a play structure. New roof installed within the last two years.","The property is directly on a busy arterial road with steady traffic noise, although it has a chef's kitchen with custom cabinetry; all bedrooms are used as bedrooms with no dedicated office space.",Quiet street: NOT MET | Updated kitchen: MET | Home office space: NOT MET,True,"All three verdicts are accurate: quiet street marked false (directly on busy arterial road with steady traffic noise), updated kitchen marked true (chef's kitchen with custom cabinetry), and home office space marked false (all bedrooms used as bedrooms)."
"quiet street, updated kitchen, home office space",3000192,92673 Douglas Rd,"Sits on a peaceful cul-de-sac away from busy roads. Updated kitchen with quartz counters and stainless appliances. All bedrooms are used as bedrooms, no dedicated office space. Single-level layout with every bedroom on one floor, no interior stairs. Small, easy-care yard requiring minimal upkeep.","The home sits on a peaceful cul-de-sac and has an updated kitchen with quartz counters and stainless appliances, but all bedrooms are used as bedrooms with no dedicated office space.",Quiet street: MET | Updated kitchen: MET | Home office space: NOT MET,True,"All three verdicts are accurate: quiet street marked true (peaceful cul-de-sac away from busy roads), updated kitchen marked true (updated kitchen with quartz counters and stainless appliances), and home office space marked false (all bedrooms used as bedrooms)."
"quiet street, updated kitchen, home office space",3000430,51086 Buckingham St,"Quiet residential street popular with longtime families. Remodeled kitchen featuring a large island, ideal for entertaining. Flexible bonus room, ideal as a home office or den. Bedrooms are split across two levels, with stairs from the entry to the main living floor. Low-maintenance backyard with mature landscaping. Close walking distance to a neighborhood park.","The listing describes a quiet residential street, a remodeled kitchen with a large island, and a flexible bonus room suitable as a home office or den.",Quiet street: MET | Updated kitchen: MET | Home office space: MET,True,"All three verdicts are accurate: quiet street marked true (quiet residential street popular with longtime families), updated kitchen marked true (remodeled kitchen with large island), and home office space marked true (flexible bonus room ideal as home office or den)."
"quiet street, updated kitchen, home office space",3000127,73316 Grand Ln,"Located directly on a busy arterial road with steady traffic noise. Remodeled kitchen featuring a large island, ideal for entertaining. Compact floor plan with no separate room suited to a home office. Zero-step entry from the driveway to the front door, with wide hallways throughout. Fully fenced yard with a covered patio, great for outdoor dining. Near local shops, cafes, and the Redwood City Caltrain station.","The home is on a busy arterial road with steady traffic noise, but it has a remodeled kitchen; its compact floor plan has no separate room suited to a home office.",Quiet street: NOT MET | Updated kitchen: MET | Home office space: NOT MET,True,"All three verdicts are accurate: quiet street marked false (directly on busy arterial road with steady traffic noise), updated kitchen marked true (remodeled kitchen with large island), and home office space marked false (compact floor plan with no separate room suited to home office)."
"quiet street, updated kitchen, home office space",3000304,3272 Hopkins Ln,"No through traffic on this dead-end street. Updated kitchen with quartz counters and stainless appliances. A spare bedroom currently works well as a home office. Single-level layout with every bedroom on one floor, no interior stairs. Small, easy-care yard requiring minimal upkeep. Recently renovated roof with a transferable warranty.","The dead-end street has no through traffic, the kitchen has been updated with quartz counters and stainless appliances, and a spare bedroom works well as a home office.",Quiet street: MET | Updated kitchen: MET | Home office space: MET,True,"All three requirements are accurately assessed: dead-end street with no through traffic supports quiet street, quartz counters and stainless appliances confirm updated kitchen, and spare bedroom explicitly noted as working well as home office."
"quiet street, updated kitchen, home office space",3000031,57591 Redwood Ct,"Some road noise during commute hours from the nearby main street. Updated kitchen with quartz counters and stainless appliances. Compact floor plan with no separate room suited to a home office. Primary suite and secondary bedrooms are all located upstairs. Fully fenced yard with a covered patio, great for outdoor dining. Close walking distance to a neighborhood park.","The listing notes road noise from a nearby main street, although the kitchen is updated; it explicitly says there is no separate room suited to a home office.",Quiet street: NOT MET | Updated kitchen: MET | Home office space: NOT MET,True,"All verdicts are accurate: listing explicitly states road noise from nearby main street (quiet street = false), quartz counters and stainless appliances confirm updated kitchen (true), and description explicitly states no separate room suited to home office (false)."
"quiet street, updated kitchen, home office space",3000047,25550 Alma Ln,"Sits on a peaceful cul-de-sac away from busy roads. Kitchen has not been updated in some time but is fully functional. Dedicated home office with built-in shelving off the main living area. Primary suite and secondary bedrooms are all located upstairs. Flat, private backyard suited to gardening or a play structure. HOA covers landscaping and building maintenance, a low-maintenance option.","The home is on a peaceful cul-de-sac away from busy roads and has a dedicated office with built-in shelving, but the kitchen has not been updated recently.",Quiet street: MET | Updated kitchen: NOT MET | Home office space: MET,True,"All verdicts are accurate: peaceful cul-de-sac away from busy roads supports quiet street (true), kitchen explicitly stated as not updated (false), and dedicated home office with built-in shelving clearly meets requirement (true)."
"quiet street, updated kitchen, home office space",3000063,18435 Redwood Pl,"Sits near a commercial corridor with vehicle and bus traffic at most hours. Kitchen has not been updated in some time but is fully functional. A spare bedroom currently works well as a home office. Single-level layout with every bedroom on one floor, no interior stairs. Flat, private backyard suited to gardening or a play structure. HOA covers landscaping and building maintenance, a low-maintenance option.","The property is near a commercial corridor with frequent vehicle and bus traffic, its kitchen has not been updated recently, and a spare bedroom works well as a home office.",Quiet street: NOT MET | Updated kitchen: NOT MET | Home office space: MET,True,"All verdicts are accurate: near commercial corridor with vehicle and bus traffic contradicts quiet street (false), kitchen explicitly not updated (false), and spare bedroom works well as home office (true)."
"quiet street, updated kitchen, home office space",3000171,91676 Cordilleras Ct,"Located on a quiet, tree-lined street with minimal through traffic. Remodeled kitchen featuring a large island, ideal for entertaining. Dedicated home office with built-in shelving off the main living area. Walk-in shower with a built-in bench in the primary bathroom. Low-maintenance backyard with mature landscaping.","The home is on a quiet tree-lined street with minimal through traffic, has a remodeled kitchen, and includes a dedicated office with built-in shelving.",Quiet street: MET | Updated kitchen: MET | Home office space: MET,True,"All verdicts are accurate: quiet tree-lined street with minimal through traffic supports quiet street (true), remodeled kitchen with large island confirms updated kitchen (true), and dedicated home office with built-in shelving meets requirement (true)."
"quiet street, updated kitchen, home office space",3000072,68094 Hamilton Rd,"Quiet residential street popular with longtime families. Chef's kitchen with custom cabinetry and a farmhouse sink. Compact floor plan with no separate room suited to a home office. Single-level layout with every bedroom on one floor, no interior stairs. Flat, private backyard suited to gardening or a play structure. Close walking distance to a neighborhood park. Bank-owned foreclosure, sold strictly as-is.","The listing describes a quiet residential street and a chef's kitchen with custom cabinetry, but says there is no separate room suited to a home office.",Quiet street: MET | Updated kitchen: MET | Home office space: NOT MET,True,"All verdicts are accurate: quiet residential street popular with families supports quiet street (true), chef's kitchen with custom cabinetry confirms updated kitchen (true), and compact floor plan explicitly has no separate room for home office (false)."
"quiet street, updated kitchen, home office space",3000196,86964 Fair Oaks Rd,"No through traffic on this dead-end street. Remodeled kitchen featuring a large island, ideal for entertaining. All bedrooms are used as bedrooms, no dedicated office space. Bedrooms are split across two levels, with stairs from the entry to the main living floor. Low-maintenance backyard with mature landscaping.","The dead-end street has no through traffic and the kitchen is remodeled, but all bedrooms are used as bedrooms with no dedicated office space.",Quiet street: MET | Updated kitchen: MET | Home office space: NOT MET,True,"All verdicts are accurate: dead-end street with no through traffic supports quiet street (true), remodeled kitchen with large island confirms updated kitchen (true), and description explicitly states all bedrooms are used as bedrooms with no dedicated office space (false)."
"quiet street, updated kitchen, home office space",3000288,90163 Fair Oaks Pl,"No through traffic on this dead-end street. Remodeled kitchen featuring a large island, ideal for entertaining. Flexible bonus room, ideal as a home office or den. Primary suite and secondary bedrooms are all located upstairs. Fully fenced yard with a covered patio, great for outdoor dining.","The home has no through traffic on a dead-end street, a remodeled kitchen, and a flexible bonus room suitable for a home office or den.",Quiet street: MET | Updated kitchen: MET | Home office space: MET,True,"All verdicts are accurate: dead-end street with no through traffic supports quiet street (true), remodeled kitchen with large island confirms updated kitchen (true), and flexible bonus room explicitly described as ideal for home office or den (true)."
"quiet street, updated kitchen, home office space",3000472,79947 Stambaugh Rd #352,"Located on a quiet, tree-lined street with minimal through traffic. Kitchen has not been updated in some time but is fully functional. Compact floor plan with no separate room suited to a home office. Primary bedroom and bath are positioned on the main level for easy access. Fully fenced yard with a covered patio, great for outdoor dining. Backyard includes a pool and spa, ideal for entertaining.","The listing is on a quiet, tree-lined street with minimal through traffic, but the kitchen has not been updated and the compact floor plan has no separate home office.",Quiet street: MET | Updated kitchen: NOT MET | Home office space: NOT MET,True,"All three verdicts are accurate: quiet tree-lined street confirmed, kitchen explicitly stated as not updated, and no separate home office room confirmed."
"quiet street, updated kitchen, home office space",3000105,10785 Woodside Ln,"Quiet residential street popular with longtime families. Chef's kitchen with custom cabinetry and a farmhouse sink. All bedrooms are used as bedrooms, no dedicated office space. Walk-in shower with a built-in bench in the primary bathroom. Fully fenced yard with a covered patio, great for outdoor dining. Backyard includes a pool and spa, ideal for entertaining.","The home is on a quiet residential street and has a chef's kitchen with custom cabinetry, but all bedrooms are used as bedrooms with no dedicated office space.",Quiet street: MET | Updated kitchen: MET | Home office space: NOT MET,True,"All three verdicts are accurate: quiet residential street confirmed, chef's kitchen with custom cabinetry confirmed as updated, and no dedicated office space confirmed."
"quiet street, updated kitchen, home office space",3000338,55224 Charter Rd,"Sits on a peaceful cul-de-sac away from busy roads. Updated kitchen with quartz counters and stainless appliances. Compact floor plan with no separate room suited to a home office. Zero-step entry from the driveway to the front door, with wide hallways throughout. Low-maintenance backyard with mature landscaping. Near local shops, cafes, and the Redwood City Caltrain station.","The home sits on a peaceful cul-de-sac away from busy roads and has an updated kitchen with quartz counters and stainless appliances, but no separate room suited to a home office.",Quiet street: MET | Updated kitchen: MET | Home office space: NOT MET,True,"All three verdicts are accurate: peaceful cul-de-sac away from busy roads confirmed, updated kitchen with quartz counters and stainless appliances confirmed, and no separate home office room confirmed."
"quiet street, updated kitchen, home office space",3000354,38593 Fair Oaks Rd #163,"Located directly on a busy arterial road with steady traffic noise. Dated interior throughout, needs a full kitchen remodel. Compact floor plan with no separate room suited to a home office. Walk-in shower with a built-in bench in the primary bathroom. Fully fenced yard with a covered patio, great for outdoor dining.","The condominium is directly on a busy arterial road with traffic noise, needs a full kitchen remodel, and has no separate room suited to a home office.",Quiet street: NOT MET | Updated kitchen: NOT MET | Home office space: NOT MET,True,"All three verdicts are accurate: directly on busy arterial road with traffic noise confirmed, dated interior needing full kitchen remodel confirmed, and no separate home office room confirmed."
"quiet street, updated kitchen, home office space",3000229,70132 Roosevelt Ln,"Located on a quiet, tree-lined street with minimal through traffic. Remodeled kitchen featuring a large island, ideal for entertaining. All bedrooms are used as bedrooms, no dedicated office space. Single-level layout with every bedroom on one floor, no interior stairs. Flat, private backyard suited to gardening or a play structure.","The home is on a quiet, tree-lined street with minimal through traffic and has a remodeled kitchen with a large island, but all bedrooms are used as bedrooms with no dedicated office space.",Quiet street: MET | Updated kitchen: MET | Home office space: NOT MET,True,"All three verdicts are accurate: quiet tree-lined street with minimal through traffic confirmed, remodeled kitchen with large island confirmed, and no dedicated office space confirmed."
"quiet street, updated kitchen, home office space",3000054,85275 Edgewood Way,"Quiet residential street popular with longtime families. Updated kitchen with quartz counters and stainless appliances. Compact floor plan with no separate room suited to a home office. Bedrooms are split across two levels, with stairs from the entry to the main living floor. Flat, private backyard suited to gardening or a play structure. Backyard includes a pool and spa, ideal for entertaining.","The home is on a quiet residential street and has an updated kitchen with quartz counters and stainless appliances, but the compact floor plan has no separate room suited to a home office.",Quiet street: MET | Updated kitchen: MET | Home office space: NOT MET,True,"All three verdicts are accurate: quiet residential street confirmed, updated kitchen with quartz counters and stainless appliances confirmed, and compact floor plan with no separate home office room confirmed."
"quiet street, updated kitchen, home office space",3000146,35873 Woodside St,"Some road noise during commute hours from the nearby main street. Recently renovated eat-in kitchen with new cabinetry. All bedrooms are used as bedrooms, no dedicated office space. Primary suite and secondary bedrooms are all located upstairs. Fully fenced yard with a covered patio, great for outdoor dining. Backyard includes a pool and spa, ideal for entertaining.","The listing reports road noise during commute hours, has a recently renovated eat-in kitchen with new cabinetry, and has no dedicated office space.",Quiet street: NOT MET | Updated kitchen: MET | Home office space: NOT MET,True,"All three verdicts are accurate: road noise during commute hours explicitly stated, recently renovated eat-in kitchen with new cabinetry confirmed, and no dedicated office space confirmed."
"quiet street, updated kitchen, home office space",3000481,44603 Warren Ln,"Some road noise during commute hours from the nearby main street. Chef's kitchen with custom cabinetry and a farmhouse sink. All bedrooms are used as bedrooms, no dedicated office space. Bedrooms are split across two levels, with stairs from the entry to the main living floor. Small, easy-care yard requiring minimal upkeep. Near local shops, cafes, and the Redwood City Caltrain station.","The home has some road noise during commute hours, offers a chef's kitchen with custom cabinetry, and has no dedicated office space.",Quiet street: NOT MET | Updated kitchen: MET | Home office space: NOT MET,True,"All three verdicts are accurate: road noise during commute hours explicitly stated, chef's kitchen with custom cabinetry confirmed, and no dedicated office space confirmed."
"quiet street, updated kitchen, home office space",3000033,70273 Redwood Way,"Sits on a peaceful cul-de-sac away from busy roads. Dated interior throughout, needs a full kitchen remodel. Converted garage space functions as a quiet home office. Primary bedroom and bath are positioned on the main level for easy access. Flat, private backyard suited to gardening or a play structure. HOA covers landscaping and building maintenance, a low-maintenance option.","The home sits on a peaceful cul-de-sac away from busy roads and has a converted garage office, but its dated interior needs a full kitchen remodel.",Quiet street: MET | Updated kitchen: NOT MET | Home office space: MET,True,"All three verdicts are accurate: peaceful cul-de-sac supports quiet street (true), dated interior needing full remodel supports updated kitchen (false), and converted garage office supports home office space (true)."
"quiet street, updated kitchen, home office space",3000076,65714 Warren Ln,"Located on a quiet, tree-lined street with minimal through traffic. Chef's kitchen with custom cabinetry and a farmhouse sink. Converted garage space functions as a quiet home office. Bedrooms are split across two levels, with stairs from the entry to the main living floor. Low-maintenance backyard with mature landscaping. HOA covers landscaping and building maintenance, a low-maintenance option.","The listing describes a quiet tree-lined street, a chef's kitchen with custom cabinetry, and a converted garage functioning as a quiet home office.",Quiet street: MET | Updated kitchen: MET | Home office space: MET,True,"All three verdicts are accurate: quiet tree-lined street with minimal through traffic supports quiet street (true), chef's kitchen with custom cabinetry supports updated kitchen (true), and converted garage office supports home office space (true)."
"quiet street, updated kitchen, home office space",3000450,91884 Redwood St,"Sits near a commercial corridor with vehicle and bus traffic at most hours. Recently renovated eat-in kitchen with new cabinetry. Compact floor plan with no separate room suited to a home office. Single-level layout with every bedroom on one floor, no interior stairs. Flat, private backyard suited to gardening or a play structure.","The home is near a commercial corridor with frequent traffic, although its eat-in kitchen was recently renovated, and it has no separate room suited to a home office.",Quiet street: NOT MET | Updated kitchen: MET | Home office space: NOT MET,True,"All three verdicts are accurate: near commercial corridor with vehicle and bus traffic supports quiet street (false), recently renovated eat-in kitchen supports updated kitchen (true), and compact floor plan with no separate room supports home office space (false)."
"quiet street, updated kitchen, home office space",3000114,33632 Middlefield Pl,"Some road noise during commute hours from the nearby main street. Recently renovated eat-in kitchen with new cabinetry. Converted garage space functions as a quiet home office. Bedrooms are split across two levels, with stairs from the entry to the main living floor. Small, easy-care yard requiring minimal upkeep. Near local shops, cafes, and the Redwood City Caltrain station.","The listing notes road noise during commute hours, but it has a recently renovated kitchen and a converted garage functioning as a quiet home office.",Quiet street: NOT MET | Updated kitchen: MET | Home office space: MET,True,"All three verdicts are accurate: road noise during commute hours supports quiet street (false), recently renovated eat-in kitchen supports updated kitchen (true), and converted garage office supports home office space (true)."
"quiet street, updated kitchen, home office space",3000098,38444 Fair Oaks Pl #144,"Sits near a commercial corridor with vehicle and bus traffic at most hours. Original kitchen and bath present an opportunity to renovate and build equity. Dedicated home office with built-in shelving off the main living area. Zero-step entry from the driveway to the front door, with wide hallways throughout. Flat, private backyard suited to gardening or a play structure. Close walking distance to a neighborhood park.","The condo is near a commercial corridor with frequent traffic, has an original kitchen, and includes a dedicated home office with built-in shelving.",Quiet street: NOT MET | Updated kitchen: NOT MET | Home office space: MET,True,"All three verdicts are accurate: near commercial corridor with vehicle and bus traffic supports quiet street (false), original kitchen supports updated kitchen (false), and dedicated home office with built-in shelving supports home office space (true)."
"quiet street, updated kitchen, home office space",3000093,50032 Vine Way,"Located directly on a busy arterial road with steady traffic noise. Original kitchen and bath present an opportunity to renovate and build equity. Compact floor plan with no separate room suited to a home office. Primary suite and secondary bedrooms are all located upstairs. Small, easy-care yard requiring minimal upkeep. Near local shops, cafes, and the Redwood City Caltrain station. Recently renovated roof with a transferable warranty.","The home is directly on a busy arterial road, has an original kitchen, and lacks a separate room suited to a home office.",Quiet street: NOT MET | Updated kitchen: NOT MET | Home office space: NOT MET,True,"All three verdicts are accurate: directly on busy arterial road supports quiet street (false), original kitchen supports updated kitchen (false), and compact floor plan with no separate room supports home office space (false)."
"quiet street, updated kitchen, home office space",3000346,78858 Redwood Pl #191,"Located on a quiet, tree-lined street with minimal through traffic. Original kitchen and bath present an opportunity to renovate and build equity. Compact floor plan with no separate room suited to a home office. Zero-step entry from the driveway to the front door, with wide hallways throughout. Flat, private backyard suited to gardening or a play structure.","The condo is on a quiet tree-lined street, but its kitchen is original and the compact floor plan has no separate home office.",Quiet street: MET | Updated kitchen: NOT MET | Home office space: NOT MET,True,"All three verdicts are accurate: quiet tree-lined street with minimal through traffic supports quiet street (true), original kitchen supports updated kitchen (false), and compact floor plan with no separate room supports home office space (false)."
"quiet street, updated kitchen, home office space",3000163,64966 Alma Ct,"Sits near a commercial corridor with vehicle and bus traffic at most hours. Remodeled kitchen featuring a large island, ideal for entertaining. Compact floor plan with no separate room suited to a home office. Bedrooms are split across two levels, with stairs from the entry to the main living floor. Fully fenced yard with a covered patio, great for outdoor dining. Backyard includes a pool and spa, ideal for entertaining. Foreclosure sale — priced to reflect as-is condition; buyer to verify all details independently.","The home is near a commercial corridor with frequent traffic, has a remodeled kitchen with a large island, and lacks a separate room suited to a home office.",Quiet street: NOT MET | Updated kitchen: MET | Home office space: NOT MET,True,"All three verdicts are accurate: near commercial corridor with vehicle and bus traffic supports quiet street (false), remodeled kitchen with large island supports updated kitchen (true), and compact floor plan with no separate room supports home office space (false)."
"quiet street, updated kitchen, home office space",3000006,42037 Cypress Dr,"Located directly on a busy arterial road with steady traffic noise. Recently renovated eat-in kitchen with new cabinetry. Compact floor plan with no separate room suited to a home office. Bedrooms are split across two levels, with stairs from the entry to the main living floor. Fully fenced yard with a covered patio, great for outdoor dining.","The home is on a busy arterial road with steady traffic noise, but it has a recently renovated kitchen with new cabinetry and no separate room suited to a home office.",Quiet street: NOT MET | Updated kitchen: MET | Home office space: NOT MET,True,"All three verdicts are accurate: busy arterial road confirms no quiet street, recently renovated kitchen with new cabinetry confirms updated kitchen, and compact floor plan with no separate room confirms no home office space."
"quiet street, updated kitchen, home office space",3000407,25157 Redwood Way,"Some road noise during commute hours from the nearby main street. Chef's kitchen with custom cabinetry and a farmhouse sink. Dedicated home office with built-in shelving off the main living area. Single-level layout with every bedroom on one floor, no interior stairs. Small, easy-care yard requiring minimal upkeep. Near local shops, cafes, and the Redwood City Caltrain station. Roof was fully replaced, offering peace of mind for years to come.","Some road noise occurs during commute hours, while the chef's kitchen has custom cabinetry and the listing provides a dedicated home office with built-in shelving.",Quiet street: NOT MET | Updated kitchen: MET | Home office space: MET,True,"All three verdicts are accurate: road noise during commute hours confirms not a quiet street, chef's kitchen with custom cabinetry confirms updated kitchen, and dedicated home office with built-in shelving confirms home office space."
"quiet street, updated kitchen, home office space",3000364,50641 Elm Pl,"Some road noise during commute hours from the nearby main street. Kitchen has not been updated in some time but is fully functional. All bedrooms are used as bedrooms, no dedicated office space. Primary bedroom and bath are positioned on the main level for easy access. Low-maintenance backyard with mature landscaping.","The property has commute-hour road noise, an outdated kitchen, and no dedicated office because all bedrooms are used as bedrooms.",Quiet street: NOT MET | Updated kitchen: NOT MET | Home office space: NOT MET,True,"All three verdicts are accurate: road noise during commute hours confirms not a quiet street, kitchen explicitly stated as not updated confirms no updated kitchen, and all bedrooms used as bedrooms confirms no home office space."
"quiet street, updated kitchen, home office space",3000007,15802 Roosevelt Pl #141,"Sits on a peaceful cul-de-sac away from busy roads. Updated kitchen with quartz counters and stainless appliances. All bedrooms are used as bedrooms, no dedicated office space. Primary bedroom and bath are positioned on the main level for easy access. Small, easy-care yard requiring minimal upkeep. Bank-owned foreclosure, sold strictly as-is.","The condominium sits on a peaceful cul-de-sac away from busy roads and has an updated kitchen with quartz counters and stainless appliances, but no dedicated office space.",Quiet street: MET | Updated kitchen: MET | Home office space: NOT MET,True,"All three verdicts are accurate: peaceful cul-de-sac away from busy roads confirms quiet street, updated kitchen with quartz counters and stainless appliances confirms updated kitchen, and all bedrooms used as bedrooms confirms no home office space."
"quiet street, updated kitchen, home office space",3000109,554 Warren Way,"Sits on a peaceful cul-de-sac away from busy roads. Original kitchen and bath present an opportunity to renovate and build equity. Flexible bonus room, ideal as a home office or den. Single-level layout with every bedroom on one floor, no interior stairs. Fully fenced yard with a covered patio, great for outdoor dining. Near local shops, cafes, and the Redwood City Caltrain station.","The home is on a peaceful cul-de-sac away from busy roads and has a flexible bonus room suitable for an office, but its kitchen is original and needs renovation.",Quiet street: MET | Updated kitchen: NOT MET | Home office space: MET,True,"All three verdicts are accurate: peaceful cul-de-sac away from busy roads confirms quiet street, original kitchen needing renovation confirms no updated kitchen, and flexible bonus room ideal as home office confirms home office space."
"quiet street, updated kitchen, home office space",3000297,8619 Woodside Dr,"Sits on a peaceful cul-de-sac away from busy roads. Dated interior throughout, needs a full kitchen remodel. Compact floor plan with no separate room suited to a home office. Single-level layout with every bedroom on one floor, no interior stairs. Small, easy-care yard requiring minimal upkeep. Recently renovated roof with a transferable warranty.","The property sits on a peaceful cul-de-sac away from busy roads, but it needs a full kitchen remodel and has no separate room suited to a home office.",Quiet street: MET | Updated kitchen: NOT MET | Home office space: NOT MET,True,"All three verdicts are accurate: peaceful cul-de-sac away from busy roads confirms quiet street, dated interior needing full kitchen remodel confirms no updated kitchen, and compact floor plan with no separate room confirms no home office space."
"quiet street, updated kitchen, home office space",3000133,43902 Alameda St,"Located directly on a busy arterial road with steady traffic noise. Original kitchen and bath present an opportunity to renovate and build equity. All bedrooms are used as bedrooms, no dedicated office space. Walk-in shower with a built-in bench in the primary bathroom. Fully fenced yard with a covered patio, great for outdoor dining. HOA covers landscaping and building maintenance, a low-maintenance option.","The home is directly on a busy arterial road with steady traffic noise, has an original kitchen needing renovation, and offers no dedicated office space.",Quiet street: NOT MET | Updated kitchen: NOT MET | Home office space: NOT MET,False,"The 'Updated kitchen' verdict is marked false, but the listing states 'Original kitchen and bath present an opportunity to renovate,' which correctly indicates the kitchen is not updated; however, the description also notes this is a 2022 build year, creating ambiguity—the verdict is technically correct that the kitchen is original/not updated, so the scoring is accurate."
"quiet street, updated kitchen, home office space",3000497,1396 Jefferson Pl,"Some road noise during commute hours from the nearby main street. Chef's kitchen with custom cabinetry and a farmhouse sink. Compact floor plan with no separate room suited to a home office. Bedrooms are split across two levels, with stairs from the entry to the main living floor. Fully fenced yard with a covered patio, great for outdoor dining. Close walking distance to a neighborhood park.","The listing notes commute-hour road noise, while the chef's kitchen has custom cabinetry and no separate room is suited to a home office.",Quiet street: NOT MET | Updated kitchen: MET | Home office space: NOT MET,True,"All three verdicts are accurate: commute-hour road noise confirms not a quiet street, chef's kitchen with custom cabinetry confirms updated kitchen, and compact floor plan with no separate room confirms no home office space."
"quiet street, updated kitchen, home office space",3000248,85230 Elm Ct #260,"Located on a quiet, tree-lined street with minimal through traffic. Remodeled kitchen featuring a large island, ideal for entertaining. Dedicated home office with built-in shelving off the main living area. Primary bedroom and bath are positioned on the main level for easy access. Small, easy-care yard requiring minimal upkeep.","The listing describes a quiet, tree-lined street with minimal traffic, a remodeled kitchen with a large island, and a dedicated home office with built-in shelving.",Quiet street: MET | Updated kitchen: MET | Home office space: MET,True,"All three requirements are accurately supported: quiet tree-lined street with minimal traffic, remodeled kitchen with island, and dedicated home office with built-in shelving are all explicitly stated in the listing."
"quiet street, updated kitchen, home office space",3000032,5315 Selby Dr,"Sits near a commercial corridor with vehicle and bus traffic at most hours. Original kitchen and bath present an opportunity to renovate and build equity. Converted garage space functions as a quiet home office. Single-level layout with every bedroom on one floor, no interior stairs. Flat, private backyard suited to gardening or a play structure. Close walking distance to a neighborhood park.","The home is near a commercial corridor with frequent vehicle and bus traffic, has an original kitchen needing renovation, but includes a converted garage functioning as a quiet home office.",Quiet street: NOT MET | Updated kitchen: NOT MET | Home office space: MET,True,"All verdicts are accurate: the listing explicitly states proximity to commercial corridor with vehicle/bus traffic (not quiet), original kitchen needing renovation (not updated), and converted garage functioning as quiet home office (meets requirement)."
